institution,position,deadline,status,portal,link,letters,documents,folder,notes
Williams College,Asst Prof,2026-10-15,interested,MathJobs,https://www.mathjobs.org/jobs/list/28637,3,CL CV RS TS,,CL: why Williams; TS: inclusive environment. Contact Thomas Garrity
Middlebury College,Asst Prof (Math & Stats),2026-10-21,interested,university,https://www.mathjobs.org/jobs/list/29020,3,CL CV TR TS,,no RS; 2 of 3 letters on teaching; address math/applied/stats
Western Michigan University,Faculty Specialist (TT),2026-11-01,interested,university,https://www.mathjobs.org/jobs/list/29148,3,CL CV TS LS TE TR SAMPLE,,CL must map each qualification; TS/LS max 2pp; refs contact only; pay unknown
Binghamton University,Asst Prof,2026-11-08,interested,MathJobs,https://www.mathjobs.org/jobs/list/28883,4,CL CV RS TS,,"also Interview Exchange (CL, CV); 3 research + 1 teaching letter"
University of Victoria,Asst Teaching Prof,2026-12-01,interested,MathJobs,https://www.mathjobs.org/jobs/list/28633,3,CL CV TD,,TD = teaching dossier; refs contact only; self-identify citizenship/gender in CL
University of Washington Bothell,Asst Prof,2026-10-16,interested,Interfolio,https://www.mathjobs.org/jobs/list/28849,3,CL CV TR TS RS,,CL max 1p; TS max 3pp; RS max 4pp; belonging
College of the Holy Cross,Asst Prof (2 positions),2026-10-15,interested,Interfolio,https://www.mathjobs.org/jobs/list/28820,3,CL CV TR TS RS,,undergrad+grad transcripts; CL: Jesuit mission; TS: inclusive/belonging; Zoom late Nov
Georgia Institute of Technology,Asst Prof (open rank),2026-10-15,interested,MathJobs,https://www.mathjobs.org/jobs/list/29009,4,AMS CL CV RS TS,,
Grinnell College,Asst Prof,2026-10-15,interested,Interfolio,https://www.mathjobs.org/jobs/list/28773,3,CL CV TR TS RS,,RS max 2pp incl. undergrad projects; CL: belonging
Johns Hopkins University,Asst Prof,2026-10-15,interested,MathJobs,https://www.mathjobs.org/jobs/list/28837,4,AMS CV PL RS TS,,no cover letter listed
Louisiana State University,Asst Prof,2026-10-15,interested,MathJobs,https://www.mathjobs.org/jobs/list/28783,4,CL CV RS TS,,letters by EMAIL to profjobs@math.lsu.edu; transcript optional
University of Notre Dame,Asst Prof,2026-10-15,interested,MathJobs,https://www.mathjobs.org/jobs/list/28724,3,CL CV RS TS,,
University of Texas at Austin,Asst Prof (open rank),2026-10-23,interested,Interfolio,https://www.mathjobs.org/jobs/list/29014,4,CL CV RS TS PL,,review starts 2026-10-19
University of Maryland,Asst Prof (open rank),2026-10-30,interested,MathJobs,https://www.mathjobs.org/jobs/list/28657,4,CL CV,,pending budget approval
North Carolina State University,Asst Prof (open rank),2026-10-31,interested,MathJobs,https://www.mathjobs.org/jobs/list/28810,3,CV RS TS,,apply on MathJobs AND NC State portal; letters MathJobs only
Texas Christian University,Asst Prof (open rank),2026-11-01,interested,MathJobs,https://www.mathjobs.org/jobs/list/28964,3,AMS CL CV TS TR,,also TCU HR portal (required); RS not listed but include one
Rutgers University - New Brunswick,Asst Prof,2026-11-01,interested,MathJobs,https://www.mathjobs.org/jobs/list/29050,4,CL CV RS TS PL,,TS: inclusive practices; optional service stmt & teaching portfolio
Villanova University,Asst Prof,2026-11-01,interested,university,https://www.mathjobs.org/jobs/list/29055,3,CL CV TR TS RS,,undergrad+grad transcripts; finalists: mission statement
Bates College,Asst Prof,2026-11-08,interested,Interfolio,https://www.mathjobs.org/jobs/list/29137,3,CL CV TS RS,,"TS max 2pp, RS max 5pp; letters only if shortlisted"
Franklin & Marshall College,Asst Prof,2026-11-09,interested,Interfolio,https://www.mathjobs.org/jobs/list/29007,3,CL CV TR RS DS TE,,DS = inclusive excellence in teaching; letters requested later (2-week turnaround)
University of Florida,Asst Prof,2026-11-15,interested,MathJobs,https://www.mathjobs.org/jobs/list/28966,3,CL CV RS TS,,also UF careers portal #541371; refs emailed by UF
University of Manitoba,Asst Prof,2026-11-15,interested,university,https://www.mathjobs.org/jobs/list/29122,3,CL CV RS TS DS,,UM careers portal req #50373
University of Michigan,LSA Collegiate Fellow / TT Asst Prof,2026-11-15,interested,MathJobs,https://www.mathjobs.org/jobs/list/28811,4,CL CV RS TS TE,,teaching evals from last 3 years
University of Waterloo,Asst Prof,2026-11-30,interested,MathJobs,https://www.mathjobs.org/jobs/list/28985,4,CL CV RS SIG,,SIG = half-page most significant contributions; no TS
"California Polytechnic State University, San Luis Obispo",Asst Prof (Solano campus),2026-10-23,interested,university,https://www.mathjobs.org/jobs/list/29047,3,CL CV TS RS TR SSS,,SSS = Universal Student Success Statement; refs contact only
Mississippi State University,Asst Prof,2026-11-01,interested,MathJobs,https://www.mathjobs.org/jobs/list/29132,4,AMS CL CV RS+TS,,also MSU jobs #511250; one combined research/teaching summary
Pennsylvania State University,Asst Prof (pure),2026-11-01,interested,MathJobs,https://www.mathjobs.org/jobs/list/28888,4,CL CV RS TS,,"also Workday REQ_0000082488; CL max 2pp, RS max 5pp, TS max 2pp"
