key,bucket,reason,decided
mathjobs:28657,keep,all areas; reach; Joel: apply (2026-10-06),2026-10-06
mathjobs:28715,skip,open field; reach; Joel: skip (2026-10-06),2026-10-06
mathjobs:28724,keep,"algebra preferred, all areas encouraged; Joel: apply (2026-10-06)",2026-10-06
mathjobs:28773,keep,any area (algebra preferred); LAC; Joel: apply (2026-10-06),2026-10-06
mathjobs:28783,keep,general areas; prefers 2+ yrs postdoc; Joel: apply (2026-10-06),2026-10-06
mathjobs:28810,keep,all areas of fundamental/interdisciplinary math; Joel: apply (2026-10-06),2026-10-06
mathjobs:28811,keep,any area; reach; Joel: apply (2026-10-06),2026-10-06
mathjobs:28820,keep,2nd position open to any area; $102.5k; 3-2 load; Joel: apply (2026-10-06),2026-10-06
mathjobs:28837,keep,all pure; $113.5-149k; reach; Joel: apply (2026-10-06),2026-10-06
mathjobs:28888,keep,"pure math, number theory preferred; reach; Joel: apply (2026-10-06)",2026-10-06
mathjobs:28964,keep,"prefers geometry, topology, operator algebras: best match; Joel: apply (2026-10-06)",2026-10-06
mathjobs:28966,keep,open-area search; Joel: apply (2026-10-06),2026-10-06
mathjobs:28985,keep,"all pure, topology preferred; C$120-160k; Canadians/PRs first; Joel: apply (2026-10-06)",2026-10-06
mathjobs:28988,out-pay,likely starts <$80k (South Alabama: H-1B filings $60-66k); dropped by Joel 2026-10-06,2026-10-06
mathjobs:29007,keep,open; must teach analysis; pay unstated ($100k in text is the H-1B fee); Joel: apply (2026-10-06),2026-10-06
mathjobs:29009,keep,all areas; reach; Joel: apply (2026-10-06),2026-10-06
mathjobs:29014,keep,open; min $120k; reach; Joel: apply (2026-10-06),2026-10-06
mathjobs:29023,out-pay,likely starts <$80k (Austin College: AAUP avg asst $69.0k); dropped by Joel 2026-10-06,2026-10-06
mathjobs:29047,keep,all research areas; $97.8-107.6k; 2 positions; teaching-heavy; Joel: apply (2026-10-06),2026-10-06
mathjobs:29050,keep,"topology & dynamics priority, any area; union min ~$82k; Joel: apply (2026-10-06)",2026-10-06
mathjobs:29055,keep,all areas; 15 credits/yr; Joel: apply (2026-10-06),2026-10-06
mathjobs:29122,keep,"algebra or topology, broadly construed; Joel: apply (2026-10-06)",2026-10-06
mathjobs:29132,keep,all areas; geometry/topology among dept interests; pay unstated; Joel: apply (2026-10-06),2026-10-06
mathjobs:29137,keep,"lists geometry, topology; $87-120k; Joel: apply (2026-10-06)",2026-10-06
ajo:32856,skip,open Faculty of Science search incl. Pure Math; restricted to candidates who self-identify as Black; Joel: skip (2026-10-06),2026-10-06
mathjobs:27537,skip,posted 2025-10-31; check whether still active; Joel: skip (2026-10-06),2026-10-06
mathjobs:28591,skip,prefers applied (math econ); $85k; deadline 2026-10-06; Joel: skip (2026-10-06),2026-10-06
mathjobs:28633,keep,TT teaching-stream; preference to women; C$100-114k; Joel: apply (2026-10-06),2026-10-06
mathjobs:28637,keep,open field; $107-115k; elite LAC? Joel to decide; Joel: apply (2026-10-06),2026-10-06
mathjobs:28819,maybe,algebraic geometry priority; other pure areas considered,2026-10-06
mathjobs:28834,skip,"community college, teaching only; priority date 2026-09-17 passed; $90.7-139k; Joel: skip (2026-10-06)",2026-10-06
mathjobs:28849,keep,needs applied/data science; topology on faculty; $104-110k; Joel: apply (2026-10-06),2026-10-06
mathjobs:28883,keep,algebra priority incl. Lie algebras; Joel: apply (2026-10-06),2026-10-06
mathjobs:28894,skip,analysis incl. functional analysis; stretch; Joel: skip (2026-10-06),2026-10-06
mathjobs:28949,skip,math with CS/data science lean; priority date Oct 15; Joel: skip (2026-10-06),2026-10-06
mathjobs:28959,out-other,"requires statement of faith (born-again Christian, doctrinal statement)",2026-10-06
mathjobs:29020,keep,math/applied/stats intersection; $91-103k; Joel: apply (2026-10-06),2026-10-06
mathjobs:29063,skip,algebra or analysis; dept has diff geom & category theory; Joel: skip (2026-10-06),2026-10-06
mathjobs:28780,out-elite,hyper-elite: Chicago,2026-10-06
mathjobs:28782,out-elite,hyper-elite: Yale,2026-10-06
mathjobs:28804,out-elite,hyper-elite: Caltech,2026-10-06
mathjobs:28830,out-elite,hyper-elite: MIT,2026-10-06
mathjobs:29044,out-elite,hyper-elite: NYU,2026-10-06
mathjobs:29049,out-elite,hyper-elite: Columbia (also math physics),2026-10-06
mathjobs:29119,out-elite,hyper-elite: Stanford,2026-10-06
ajo:32039,out-field,AI/CS,2026-10-06
ajo:32232,out-field,algebra/representation theory (French-language),2026-10-06
ajo:32435,out-field,other discipline,2026-10-06
ajo:32447,out-field,statistics/data science,2026-10-06
ajo:32459,out-field,AI/CS,2026-10-06
ajo:32495,out-field,other discipline,2026-10-06
ajo:32612,out-field,other discipline,2026-10-06
ajo:32624,out-field,other discipline,2026-10-06
ajo:32810,out-field,other discipline,2026-10-06
ajo:32855,out-field,AI/CS,2026-10-06
ajo:32913,out-field,other discipline,2026-10-06
ajo:32914,out-field,other discipline,2026-10-06
ajo:32915,out-field,math/comp biology,2026-10-06
ajo:32916,out-field,other discipline,2026-10-06
ajo:32917,out-field,other discipline,2026-10-06
ajo:32959,out-field,other discipline,2026-10-06
ajo:32960,out-field,other discipline,2026-10-06
mathjobs:28427,out-field,statistics/data science,2026-10-06
mathjobs:28437,out-field,applied/computational math,2026-10-06
mathjobs:28522,out-field,actuarial/finance,2026-10-06
mathjobs:28523,out-field,statistics/data science,2026-10-06
mathjobs:28540,out-field,algebra/representation theory (French-language),2026-10-06
mathjobs:28560,out-field,math/comp biology,2026-10-06
mathjobs:28592,out-field,applied/computational math,2026-10-06
mathjobs:28608,out-field,statistics/data science,2026-10-06
mathjobs:28670,out-field,probability,2026-10-06
mathjobs:28679,out-field,applied/computational math,2026-10-06
mathjobs:28692,out-field,M-PACT hire: NIH-fundable research,2026-10-06
mathjobs:28698,out-field,math/comp biology,2026-10-06
mathjobs:28706,out-field,analysis/PDE and applied,2026-10-06
mathjobs:28713,out-field,applied/computational math,2026-10-06
mathjobs:28726,out-field,statistics/data science,2026-10-06
mathjobs:28729,out-field,applied/computational math,2026-10-06
mathjobs:28732,out-field,applied/computational math,2026-10-06
mathjobs:28733,out-field,statistics/data science,2026-10-06
mathjobs:28737,out-field,statistics/data science,2026-10-06
mathjobs:28743,out-field,statistics/data science,2026-10-06
mathjobs:28746,out-field,statistics/data science,2026-10-06
mathjobs:28760,out-field,applied/computational math,2026-10-06
mathjobs:28761,out-field,actuarial/stats; also $65-78k,2026-10-06
mathjobs:28763,out-field,applied/computational math,2026-10-06
mathjobs:28764,out-field,analysis,2026-10-06
mathjobs:28772,out-field,statistics/data science,2026-10-06
mathjobs:28775,out-field,actuarial/finance,2026-10-06
mathjobs:28777,out-field,applied/computational math,2026-10-06
mathjobs:28781,out-field,AI/CS,2026-10-06
mathjobs:28784,out-field,math education,2026-10-06
mathjobs:28785,out-field,statistics/data science,2026-10-06
mathjobs:28791,out-field,statistics/data science,2026-10-06
mathjobs:28808,out-field,statistics/data science,2026-10-06
mathjobs:28814,out-field,applied/computational math,2026-10-06
mathjobs:28815,out-field,statistics/data science,2026-10-06
mathjobs:28816,out-field,applied/computational math,2026-10-06
mathjobs:28817,out-field,statistics/data science,2026-10-06
mathjobs:28829,out-field,applied/computational math,2026-10-06
mathjobs:28841,out-field,probability,2026-10-06
mathjobs:28843,out-field,AI/CS,2026-10-06
mathjobs:28845,out-field,operations research; also $80-86k,2026-10-06
mathjobs:28852,out-field,statistics/data science,2026-10-06
mathjobs:28859,out-field,analysis,2026-10-06
mathjobs:28860,out-field,applied/computational math,2026-10-06
mathjobs:28861,out-field,actuarial/finance,2026-10-06
mathjobs:28862,out-field,statistics/data science,2026-10-06
mathjobs:28867,out-field,statistics/data science,2026-10-06
mathjobs:28876,out-field,statistics/data science,2026-10-06
mathjobs:28879,out-field,applied/computational math,2026-10-06
mathjobs:28881,out-field,discrete/combinatorics/optimization,2026-10-06
mathjobs:28884,out-field,statistics/data science,2026-10-06
mathjobs:28893,out-field,applied/computational math,2026-10-06
mathjobs:28897,out-field,statistics/data science,2026-10-06
mathjobs:28901,out-field,analysis,2026-10-06
mathjobs:28906,out-field,AI/CS,2026-10-06
mathjobs:28907,out-field,math education,2026-10-06
mathjobs:28909,out-field,statistics/data science,2026-10-06
mathjobs:28915,out-field,applied/computational math,2026-10-06
mathjobs:28920,out-field,quantum topology/computing,2026-10-06
mathjobs:28921,out-field,quantum topology/computing,2026-10-06
mathjobs:28924,out-field,discrete/combinatorics/optimization,2026-10-06
mathjobs:28933,out-field,AI/CS,2026-10-06
mathjobs:28934,out-field,statistics/data science,2026-10-06
mathjobs:28936,out-field,statistics/data science,2026-10-06
mathjobs:28938,out-field,statistics/data science,2026-10-06
mathjobs:28939,out-field,applied/computational math,2026-10-06
mathjobs:28940,out-field,other discipline,2026-10-06
mathjobs:28942,out-field,statistics/data science,2026-10-06
mathjobs:28948,out-field,actuarial/finance,2026-10-06
mathjobs:28958,out-field,applied/computational math,2026-10-06
mathjobs:28960,out-field,statistics/data science,2026-10-06
mathjobs:28961,out-field,statistics/data science,2026-10-06
mathjobs:28965,out-field,probability,2026-10-06
mathjobs:28977,out-field,probability,2026-10-06
mathjobs:28981,out-field,applied/computational math,2026-10-06
mathjobs:28984,out-field,statistics/data science,2026-10-06
mathjobs:28987,out-field,statistics/data science,2026-10-06
mathjobs:28989,out-field,statistics/data science,2026-10-06
mathjobs:28991,out-field,statistics/data science,2026-10-06
mathjobs:28992,out-field,discrete/combinatorics/optimization,2026-10-06
mathjobs:28994,out-field,statistics/data science,2026-10-06
mathjobs:28999,out-field,AI/CS,2026-10-06
mathjobs:29008,out-field,math/comp biology,2026-10-06
mathjobs:29011,out-field,statistics/data science,2026-10-06
mathjobs:29012,out-field,other discipline,2026-10-06
mathjobs:29025,out-field,statistics/data science,2026-10-06
mathjobs:29027,out-field,math education,2026-10-06
mathjobs:29033,out-field,statistics/data science,2026-10-06
mathjobs:29036,out-field,applied/computational math,2026-10-06
mathjobs:29038,out-field,statistics/data science,2026-10-06
mathjobs:29043,out-field,applied/computational math,2026-10-06
mathjobs:29046,out-field,applied/computational math,2026-10-06
mathjobs:29056,out-field,actuarial/finance,2026-10-06
mathjobs:29061,out-field,statistics/data science,2026-10-06
mathjobs:29066,out-field,math education,2026-10-06
mathjobs:29068,out-field,statistics/data science,2026-10-06
mathjobs:29070,out-field,data science cluster,2026-10-06
mathjobs:29071,out-field,applied/computational math,2026-10-06
mathjobs:29072,out-field,math/comp biology,2026-10-06
mathjobs:29078,out-field,statistics/data science,2026-10-06
mathjobs:29079,out-field,applied/computational math,2026-10-06
mathjobs:29098,out-field,AI/CS,2026-10-06
mathjobs:29104,out-field,applied/computational math,2026-10-06
mathjobs:29106,out-field,network science,2026-10-06
mathjobs:29117,out-field,statistics/data science,2026-10-06
mathjobs:29131,out-field,statistics/data science,2026-10-06
mathjobs:29136,out-field,applied/computational math,2026-10-06
mathjobs:29138,out-field,actuarial/finance,2026-10-06
mathjobs:29142,out-field,statistics/data science,2026-10-06
mathjobs:29143,out-field,probability,2026-10-06
mathjobs:29144,out-field,applied/computational math,2026-10-06
mathjobs:29151,out-field,applied/computational math,2026-10-06
mathjobs:26389,out-other,endowed chair,2026-10-06
mathjobs:28520,out-other,endowed chair,2026-10-06
mathjobs:28631,out-other,"director, math success center",2026-10-06
mathjobs:28659,out-other,department chair,2026-10-06
mathjobs:28734,out-other,senior chair,2026-10-06
mathjobs:28847,out-other,endowed chair (applied analysis),2026-10-06
mathjobs:28947,out-other,lecturer,2026-10-06
mathjobs:29076,out-other,associate/full only,2026-10-06
mathjobs:29096,out-other,department chair,2026-10-06
mathjobs:29145,out-other,distinguished professor,2026-10-06
mathjobs:29148,keep,TT teaching specialist; service courses (teaching-focused welcome); Joel: apply (2026-10-06),2026-10-06
mathjobs:28736,out-pay,$74.6-81.5k,2026-10-06
mathjobs:29000,out-pay,open area but $70-85k,2026-10-06
mathjobs:29022,out-pay,$65k (also stats),2026-10-06
mathjobs:29115,out-pay,min $60k,2026-10-06
ajo:31025,out-stale,previous cycle: posted 2025-10,2026-10-06
ajo:31044,out-stale,previous cycle: posted 2025-10,2026-10-06
ajo:31305,out-stale,previous cycle: posted 2025-12,2026-10-06
ajo:31306,out-stale,previous cycle: posted 2025-12,2026-10-06
mathjobs:27292,out-stale,previous cycle: posted 2025-10,2026-10-06
mathjobs:27293,out-stale,previous cycle: posted 2025-10,2026-10-06
mathjobs:27327,out-stale,previous cycle: start Aug 2026,2026-10-06
mathjobs:27421,out-stale,previous cycle: start Aug 2026,2026-10-06
mathjobs:27496,out-stale,previous cycle: posted 2025-10; senior,2026-10-06
mathjobs:27554,out-stale,previous cycle: posted 2025-11,2026-10-06
mathjobs:27639,out-stale,previous cycle: pref. date Dec 2025,2026-10-06
mathjobs:27750,out-stale,previous cycle: start fall 2026,2026-10-06
mathjobs:27843,out-stale,previous cycle: posted 2025-12; senior,2026-10-06
mathjobs:27916,out-stale,previous cycle: posted 2025-12; CC; also <$80k,2026-10-06
mathjobs:27940,out-stale,previous cycle: posted 2025-12,2026-10-06
mathjobs:28024,out-stale,previous cycle: start Aug 2026,2026-10-06
mathjobs:28136,out-stale,previous cycle: posted 2026-02,2026-10-06
mathjobs:28953,out-pay,likely starts <$80k (Franklin College: AAUP avg asst $62.1k); dropped by Joel 2026-10-06,2026-10-06
mathjobs:28993,out-field,applied/computational math,2026-10-06
mathjobs:28561,out-field,statistics/data science,2026-10-06
mathjobs:29019,out-field,AI/CS,2026-10-06
mathjobs:28846,out-field,combinatorics & optimization (cryptography focus),2026-10-06
mathjobs:28844,out-field,statistics/data science,2026-10-06
mathjobs:28405,out-stale,previous cycle: start Fall 2026,2026-10-06
mathjobs:29024,out-field,"applied math/statistics, data science & AI preference",2026-10-06
mathjobs:29135,out-field,statistics/data science,2026-10-06
mathjobs:28778,out-other,Dickson instructorship (3-yr postdoc) mislabeled as TT in feed,2026-10-06
mathjobs:29154,out-field,math education,2026-10-06
mathjobs:29153,out-field,PDE (restricted search),2026-10-06
mathjobs:29159,skip,"Joel: skip; suggested Skip: Restricted to computational/applied math (bio, optimization, data science).",2026-10-07
mathjobs:29157,skip,Joel: skip; suggested Skip: Restricted to statistics.,2026-10-07
mathjobs:29077,skip,"Joel: skip; suggested Maybe: Quantum information science interface; mentions algebraic/geometric quantization, which is near Poisson geometry, but requires an excellent record at the QIS interface (a stretch). Pay not stated.",2026-10-07
